varma59,CDGgqgD/,2024-06-06 01:21:02
varma59262,qY8nYMzI,2024-06-06 01:21:09
varma59,CDGgqgD/,2024-06-06 01:21:13
varma59,OWA2lgZE,2024-06-06 11:03:28
varma59,y3/u84m1,2024-06-06 11:06:03
varma59,4s7OBPBO,2024-06-06 11:06:06
varma59,4s7OBPBO,2024-06-06 11:06:06
varma59,sEdMbX5F,2024-06-06 11:06:09
varma59,+lPjG+ze,2024-06-20 19:42:23
varma59,9GwSKXFp,2024-06-20 19:43:08
varma59,9GwSKXFp,2024-06-20 19:43:08
varma59,RXEySQvh,2024-06-20 19:43:09
varma59,RXEySQvh,2024-06-20 19:43:09
varma59,RXEySQvh,2024-06-20 19:43:09
hhbkjb,sd5nWwlw,2024-06-20 19:43:14
sdkjfnjkadsf,nY5uq2c/,2024-06-20 19:46:38
sdkjfnjkadsf,4LtJ23XU,2024-06-20 19:46:39
rwkmwkgmndkg,5k9egtVt,2024-06-20 19:50:40
ajsfndkjandjfnf,BZ2VlNE5,2024-06-20 19:54:58
edjfnkjednffjafn,Ea7sIQRw,2024-06-20 20:07:26
asfjnjlfsdfnljfn,gcgkf11Z,2024-06-21 23:01:14
fdsgsdfgfgdsgsg,vKzqfoL2,2024-06-21 23:04:53
asdfmadksfmlfk,Fe6VDmfu,2024-06-21 23:34:04
